<?xml version="1.0" encoding="UTF-8"?>
<metadata xml:lang="en"><Esri><CreaDate>20240228</CreaDate><CreaTime>16231600</CreaTime><ArcGISFormat>1.0</ArcGISFormat><SyncOnce>TRUE</SyncOnce><DataProperties><itemProps><itemLocation><linkage Sync="TRUE">file://\\DESKTOP-EP5CP0T\D$\Awashbasin_porj_february 2024\wonji_digitizing\wonji_samplefilds</linkage><protocol Sync="TRUE">Local Area Network</protocol></itemLocation></itemProps><copyHistory><copy source="D:\Awashbasin_porj_february 2024\Objective 3_studyarea\wonji_samplefilds" dest="\\DESKTOP-EP5CP0T\D$\Awashbasin_porj_february 2024\wonji_digitizing\wonji_samplefilds" date="20240210" time="13195700"></copy></copyHistory></DataProperties></Esri></metadata>
